{"cameraMode":{"drawMode":0,"name":"Shaded","section":"Shading Mode"},"sceneLighting":true,"audioPlay":false,"sceneViewState":{"showFog":true,"showMaterialUpdate":false,"showSkybox":true,"showFlares":true,"showImageEffects":true,"showParticleSystems":true},"in2DMode":false,"pivot":{"x":0.0,"y":1.2477823495864869,"z":0.02384507656097412},"rotation":{"x":0.02159733511507511,"y":-0.5872408747673035,"z":-0.015676941722631456,"w":-0.8089755177497864},"size":4.616868019104004,"orthographic":false}